theme,top_25_tweets,Annotation
GovGoodPolicies,This will continue the conversation started with @LACareHealth  and @jaimecamil  last Tuesday on COVID-19 and the myths and facts surrounding the vaccine. A must watch! https://t.co/hAQtK0b6pj,0
VaxApprovalInfo,CDC committee updates recommendations on use of theüò¨üò∑ J&amp;J Covid vaccine https://t.co/sBcefN7ITs via https://t.co/kX71AZKOC4,1
VaxDoesntWork,@KingBorn8 @IjeomaOo All vaccines have a risk. The odds are better taking the vaccine than surviving covid.,0
ReasonsForUSLaggingOnVaccines,"@hankgreen I have been expressing my concerns with my family for not being vaccinated, unfortunately, I had lost my uncle to covid a few days ago, the vaccine would've kept him alive, unfortunately, he was against it, please Hank, keep telling people to get vaccinated! Much love.",0
ReasonsForUSLaggingOnVaccines,@ClareMortimer6 @Richard_Head2 @JoeBiden Thanks to Trump you have a vaccine. If Joe was President when Covid started you would still be waiting for a vaccine.,0
FDAapproval,Got my 2nd COVID vaccine!! #Pfizer ‚úÖüíâ https://t.co/5S7L1f6Ncu,0
VaxDistributionIssueDueToLocalPolicy,"The MultiCare vaccine clinic in Spokane has distributed more than 10,000 doses of the COVID-19 vaccine through appointments! https://t.co/MppMvbdS1k",0
VaxDoesMoreHarmThanGood,"@kylegriffin1 Those antivaxxers want the hospital‚Äôs help when they get COVID and want the vaccine on their deathbed, but until then, act like a teething angry two-year-old? 

You can‚Äôt do both. Stop threatening our healthcare workers who will most likely be the people saving your selfish ass.",0
VaxLessensSymptoms,"Vaccine at best is 95% effective, a child's chances of getting COVID is far less than 0.00018% , the vaccine is EXPERIMENTAL it provides no reduction in risk to children, only adverse reactions. https://t.co/zhE9rX2Pyv",0
VaxLessensSymptoms,"@OldPrague Why subject yourself to experimental vaccines to protect you from a disease that has a near 100% survival rate? Chances of dying from the vaccine are higher than from COVID-19. 
Important information about the experimental COVID-19 vaccines. 
https://t.co/7d1v0RHnFF",0
VaxDistributionIssueDueToLocalPolicy,"""city health dept announced they'd be doing all vaccinations at the Convention Center...our patients who are elderly, have limited mobility or other disabilities or some complex medical issues...not interested, willing or able to access the current system""
https://t.co/57Qfj0ymjB",1
VaxDistributionIssueDueToLocalPolicy,Here‚Äôs who‚Äôs newly eligible for the COVID-19 vaccine in Louisiana. @BRProudNews #lagov #lalege https://t.co/MLa7MLfaLE,0
VaxDistributionIssueDueToLocalPolicy,The journey from Red Hook Senior Center and a Vaccine Roundtable by the old Brooklyn Heights office (Public facing government worker) to Fort Greene Cumberland Covid Vaccine Clinic #NYCVaccineForAll https://t.co/TjC3MvY1RV,0
VaxDistributionIssueDueToLocalPolicy,"Covid19 Vaccine.  Please do it as soon as possible
 ?‚ù§üôèüôèü•∞#covid_19 #corona #us #usa #losangeles #calabasas #champion #peace #party #dubai #happy #lifeisgood #life #health @ Beverly Hills, California https://t.co/u4w7XL6VOC",0
VaxApprovalInfo,"Covid Vaccine Pfizer Fda Approval Vaccination How Its Affecting Indiana Companies ‚òù üòê 
 https://t.co/VNjktlmMrJ",1
VaxApprovalInfo,"""CDC recommends additional COVID-19 vaccine dose for certain immunocompromised people""  https://t.co/PBhiQA2TBb",1
VaxDistributionIssueDueToLocalPolicy,".@wbz story on Nashoba Valley communities, led by @TownofLittleton,
to bring a mass #vaccination site to the region, despite @MassHHS stopping #vaccine delivery to municipalities. @RepHarrington, @JimArciero, @dansena_ma &amp; I will keep pushing https://t.co/lfb0mGptGj #mapoli",1
VaxLessensSymptoms,If you get the vaccine you can still get Covid,0
ReasonsForUSLaggingOnVaccines,"Another front line worker dies after getting the 2nd dose. Her husband never planned on being an activist but he is now. #lockdown #CovidVaccine
https://t.co/6YKB0y8TIY",0
VaxLessensSymptoms,@charliekirk11 Your only excuse for not getting a vaccine is if you have already had Covid.  Anything besides that only means that you're more afraid of needles and shots than of getting Covid.,0
VaxDoesMoreHarmThanGood,@KXnOMorningRush @uscelladvantage As a nurse whose cared for 1000+ COVID patients and swabbed several thousand...drive an hour and get the vaccine! And wear your damn mask!,0
VaxSymptoms,"This covid vaccine is actually kicking my ass day one. Tired as hell. Muscles hurt. Body hurts, head hurts sheesh.",1
VaxDistributionIssueDueToLocalPolicy,"@POTUS Please share the United States‚Äô surplus COVID-19 vaccine doses with low-income countries. If the vaccine isn't everywhere, this pandemic isn't going anywhere. #ONEWorld https://t.co/tOqb0NlIii",0
PostVaxSymptoms,"I‚Äôm so sick of COVID, that vaccine ain‚Äôt sounding too bad these days",0
ReasonsForUSLaggingOnVaccines,the whole ‚Äúcovid-19 and vaccine‚Äù talk has really showed how ignorant some of y‚Äôall really are.,0
ReasonsForUSLaggingOnVaccines,"@MSNBC @morgfair If the likes of DeSantis and Covid deniers had been around during the smallpox vaccines and protocols, many of us would never have been born. That vaccine saved the lives of our forbearers. DeSantis ignorance is disgusting. #Vaccinated #DeathSantis",1
ReasonsForUSLaggingOnVaccines,This is an entirely preventable tragedy. Prominent Covid and vaccine deniers should be held accountable. https://t.co/DFyDhEIJJB,0
GovGoodPolicies,"Great news, and progress, here in #maine on #COVID19  vaccine rollout: https://t.co/0TO2g6RmAr
@nirav_mainecdc @MaineDHHS @newscentermaine",1
GovGoodPolicies,I saw this when I left the hospital last night. So grateful our frontline teachers are getting their first doses of the COVID vaccine- teachers are our heros for guiding our children through this year and working tirelessly to serve their students! @uabmedicine @HomewoodMiddle https://t.co/7Xv7kgaGdU,0
VaxLessensSymptoms,"@evilfactman @Laurie_Garrett @jimcramer As far as I‚Äôm concerned, the vaccine doesn‚Äôt prevent getting covid it prevents you dying from it",1
GovGoodPolicies,"I am excited to share that our office was a part of a very successful Joint COVID Vaccination Clinic. We were able to issue vaccine doses to almost 100 people. All thanks to, @RepLouCorrea, @SenatorUmberg, @JoshNewmanCA, Asm. Tom Daly,  @AValenciaIII, OCEA, &amp; Albertsons #vaccine https://t.co/ejoVUMGqIz",1
VaxDoesntWork,"Is the vaccine working?

COVID-19 outbreaks and cases in nursing homes and senior care facilities are dropping - a very encouraging sign! Leaders in the industry say more than 80 percent of residents in Virginia have received the vaccine @13NewsNow

https://t.co/dtoRKNhuxR",0
VaxAppointmentInfo,"New COVID vaccine appointments available for 90038 at Walgreen Drug Store, 1050 N HIGHLAND AVE, LOS ANGELES, CA. Make your appointment at https://t.co/W3ki0Bekd0",1
VaxDistributionIssueDueToLocalPolicy,‚ÄúCounty Administrator Dr. Scott Hopes said an internal examination of the COVID cases among the County's workforce over the past week impacted only people who were not vaccinated.‚Äù https://t.co/A9oBP16pI2 #covid19 #vaccine,0
VaxLessensSymptoms,@stacbr72 @redsteeze No the point of the vaccine is to reduce the symptoms and make it not as severe. A person that has the shots can still get and transmit COVID. It's just that the symptoms will be less severe if any. However they can still be a ghost spreader &amp; not know it https://t.co/R13T44PnFp,1
ReasonsForUSLaggingOnVaccines,@SKMorefield The original sin of this pandemic is the Republcan politicans and media personalities who politicized the COVID vaccine.,1
VaxDistributionIssueDueToLocalPolicy,An Update On Florida's COVID-19 Vaccine Rollout Progress https://t.co/j4WdOTBFS6,0
VaxDoesMoreHarmThanGood,@SerenaIsMyNamOh @GillianMcKeith I know that I have received every vaccine that is recommended. I know they have been working on this vaccine for 20 years and I trust the science. So you just want covid to last forever? What are you doing to help stop the spread?,0
UnjustifiedFearOfVax,"If you don‚Äôt know or haven‚Äôt had your vaccine yet...
‚ÄòI see the light!‚Äô - @suzanneleitnerwise 
#virginiadepartmentofhealth #covid_19 #vaccine #532yoga @ 532Yoga https://t.co/mwDTmCD6o7",0
#IGotMyVaccine,Finally received my first COVID vaccine...,1
VaxDistributionIssueDueToLocalPolicy,"All American adults are now eligible to get a #COVID19Vaccine, including people 16+ in #Massachusetts #7News  üì≤https://t.co/J225WVqvZD",0
GovGoodPolicies,Get your COVID-19 vaccine today at the Texas Union from noon-3:00 PM! #ProtectTexasTogether https://t.co/v9NI94wP6z,0
ReasonsForUSLaggingOnVaccines,"PLS listen to this former Pfizer employee explain the technology in the covid jabs. This is a planned genocide. My heart hurts so bad tonight. Spread this like wildfire and put on the full of armor of God to start fighting like hell for America. ü§¨

https://t.co/TWa2syowEZ",0
ReasonsForUSLaggingOnVaccines,"Good to see. Focus groups have shown these types of personal/community stories are persuasive for vaccine-hesitant conservatives, whereas more impersonal remarks by politicians don‚Äôt. I hope this resonates here in CD5 especially. https://t.co/3Sl1q3Ww0J",0
GovGoodPolicies,üíâ Ready and eager to get my Covid vaccine today. But will continue to wear a mask and social distance until this crisis is over. üíñ https://t.co/3nMhgqc6DC,0
ReasonsForUSLaggingOnVaccines,"Article Maybe Vaccine Gods Plan Pete Buttigieg Urges Evangelicals Covid Vaccine ‚òù üòê 
 https://t.co/wBVZgS1M0K",0
GovGoodPolicies,"üíâ ü©∏ 2nd #covid #vaccine is done diddy done! ‚úÖ In 2 weeks I‚Äôll be ready to paaaaarrrrtttaaaayyyy! üòÜ üéâüç∏ Not really üò¥ üí§ @ Mount Kisco, New York https://t.co/fbUwYqprFR",0
VaxDoesntWork,"It is most likely coincident, that some died, or got some weird illness from the vaccine or Covid.  No one else died from Covid or the Vaccine there have been millions of cases and people survived just fine.  Do as you please.  The same logic should work.",0
VaxDoesntWork,"@TrezLopez @CjLaplace @dothedew89 @KwameBurnerAcct @BleacherReport @CourtneyRCronin Your chances of DYING from COVID are slim to none if you get vaccinated! W/O the vaccine, you‚Äôre rolling the dice! AND it‚Äôs NOT about HIM, it‚Äôs about those around him!",0
ReasonsForUSLaggingOnVaccines,"Even MIT grads can be dumb.

Did he research the vaccines the military already gets...smallpox!?!? You're not so concerned about that live vaccine, you dullard, so this isn't about safety it's about some political statement.

COVID is still a danger to America, vaccination works. https://t.co/BnLbSg2Foh",0
VaxLessensSymptoms,@blazebabe42069 The vaccine doesn't prevent you from contracting COVID. It reduces the amount of time it takes for your body to cure it. If people didn't keep spreading it we wouldn't have to test the race between body healing and virus multiplying.,1
VaxAppointmentInfo,"New COVID vaccine appointments available for 43082 at Walgreen Drug Store, 748 N STATE ST, WESTERVILLE, OH. Make your appointment at https://t.co/W3ki0Bekd0",1
VaxDoesntWork,"It‚Äôs pretty wild we live in a time when tens of thousands of people would literally* rather die of Covid than get a vaccine that would literally* save them from dying of Covid

*Literally used properly, not hyperbolically",0
PostVaxSymptoms,"@FreeHunterB I just took the first one on Tuesday the Pfizer. That shit fuck me up bro! I had the chills, aches all over my body, fever &amp; shortness of breath. Fuck Covid and fuck the stupid vaccine!! I haven‚Äôt been sick in well over a year and a half till I got that damn shot",1
VaxSymptoms,"i get my second covid vaccine this week and i almost don‚Äôt even care that i‚Äôm gonna feel like shit, because at least im gonna get 2 days off in a row",1
VaxDistributionIssueDueToLocalPolicy,THIS‚ÄºÔ∏è #Mississippi #covid #vaccine https://t.co/8YWvJ0p936,0
VaxSymptoms,omg this covid vaccine ain‚Äôt no joke üò≠üò≠üò≠,1
VaxDoesntWork,Did I just hear an immunologist just say on Fox News that we don't need the vaccine because our bodies will produce the cells to fight off the covid virus? Tell that to the 600k+ people that have already died from this thing.,0
VaxDoesntWork,"@conor64 has a free vaccine!  Then, when hospitalized, they don‚Äôt bat an eye when treatments for COVID (that have been studied much less time than the vaccine) are pumped into their body. Strange folks‚Ä¶",1
UnjustifiedFearOfVax,"Myths about the COVID-19 vaccine cause skepticism and hesitancy that keep us from getting where we need to be. We're ending that by bringing you the truth, starting with the timeline of messenger technology. When they ask, tell 'em StarMed told ya. #vaccinefacts https://t.co/uUjtmtmS9i",1
VaxDistributionIssueDueToLocalPolicy,"Hearing from our employees with family in India that even after both doses of vaccine, they‚Äôre getting Covid including family members passing away. Please be careful. Variants everywhere. We can beat this by staying vigilant until the end. #HaveFaith #BalancedAgainstReality",0
ReasonsForUSLaggingOnVaccines,"In debate, Kamala Harris says she won%27t take a COVID vaccine just on Trump%27s say-so https://t.co/MXl5sh8zqS",0
VaxDoesMoreHarmThanGood,@CheesesteakNick @Hockeyjunkie88 @JoshInnesShow The vaccine doesn't stop the spread of covid. Please educate yourself.,0
GovBadPolicies,Biden to announce sweeping vaccine mandates affecting millions of workers https://t.co/Wl5ySNlmHM via @nbcnews #VaccineMandate,1
VaxDoesntWork,"Spouting old, tired rump bullshit shows exactly why we're facing another wave, mutations, etc. 3 million people worldwide have died of Covid &amp; you won't take a vaccine shot? Then don't expect my sympathy if you get it. There won't be any.",0
PostVaxSymptoms,Got my other COVID vaccine shot just now waiting to go back at work,0
ReasonsForUSLaggingOnVaccines,"What a dangerous bill! COVID has been bad enough but what if something worse arises, impacting all? Argue no mandate on this vaccine. Don't tie our hands if, God forbid, a worse pandemic comes in the future. @mainegop @MaineDems #vaccines #misinformation #covid @MEPublicHealth https://t.co/AWWsA0X5dK",0
VaxSymptoms,I just canceled my covid vaccine cause I was gonna have to wake up an hour early ü•¥,0
GovBadPolicies,@davepople @JoeRhile @chiproytx Covid 19 is a derivative of Sars from 2003. You don't think they have been studying this since and came up with a vaccine. The stupidity is beyond belief.,0
ReasonsForUSLaggingOnVaccines,@John_Tedesco I was reading your column ‚Äò A fight with falsehoods‚Äô. My 1st thought was those 3 officials who oversee Montgomery Cty Hospital District should be infected with COVID-19. Being anti-mask and anti-vaccine are ‚Äòhealth terrorists‚Äô. No Mercy.,0
VaxSymptoms,Damn covid vaccine whooped my ass today! üòë,1
FDAapproval,FDA approves Johnson &amp; Johnson‚Äôs single-shot Covid vaccine for emergency use https://t.co/feip4zfadm,1
VaxDistributionIssueDueToLocalPolicy,"Offer the covid vaccine to teachers, cafeteria, and custodial workers now! They should all be classified as essential workers. This is crazy. https://t.co/ei3FGpTDlN",1
VaxDoesMoreHarmThanGood,"@cpamba33 @votebyalgorithm @VonWolf9 @JackPosobiec Either way, I'm much more sympathetic to people who already had COVID not wanting the vaccine. Fine, i get it. BUT-

A. It doesn't justify you encouraging others away from the vaccine.

B. You getting COVID again is still more dangerous than you getting the vaccine. No downside.",0
PostVaxSymptoms,"Just an update for anyone interested. After my second covid vaccine yesterday my only symptom is a sore arm. At least so far. Moderna. Still feeling grateful, relieved and lucky.",1
VaxDoesntWork,@GridleyHarris @doodlemau @LilyannaSomes @GovRonDeSantis 1500 out of 160 million. And those people died of Covid. Not the vaccine.,0
GovGoodPolicies,I Got My Covid-19 Vaccine. You should too. - PSA https://t.co/VCgBTtMg76 via @YouTube @DVHSYISD @Acuna008 @DV_Fire_Tech https://t.co/c8VuGxDNPv,0
GovGoodPolicies,"Happy to have connected with @eleanormhilde of @TheDailyIowan to discuss my #covid #booster shot üíâ #vaccine trial experience

https://t.co/t66mJXZzeR",0
VaxApprovalInfo,"""FDA says Johnson &amp; Johnson‚Äôs single-shot COVID-19 vaccine is safe and effective""  https://t.co/gwRWJYzzFF",1
VaxDoesMoreHarmThanGood,"@DetectiveFalco @hexian129 @TheWokePost @KyleKashuv @BrandonBenson81 Or, or we could look at the evidence that people that had covid have higher antibodies than vaccinated and don‚Äôt need said vaccine. ü§∑üèº‚Äç‚ôÇÔ∏è",0
VaxDoesntWork,"@maddoxrules Good. You're a health professional working in a hospital setting with the most vulnerable children, who aren't eligible for the vaccine yet. 99% of new COVID-19 cases are unvaccinated folks. Seems like a fucking no-brainer to me.",0
PostVaxSymptoms,getting my covid vaccine tomorrow. kinda nervous kinda excited,0
VaxApprovalInfo,"Pfizer says its COVID-19 vaccine is safe, effective in children ages 12 and up https://t.co/9mcz6PVDcn",1
VaxAvailabilityInfo,"New COVID vaccine appointments available for 00729 at Walgreen Drug Store, 17000 CARR 3, CANOVANAS, PR. Make your appointment at https://t.co/W3ki0Bekd0",1
ReasonsForUSLaggingOnVaccines,"@bidensucksballs Wow, 6-week-old trollbot account, you‚Äôve discovered the breakthrough COVID cases that the CDC has been highlighting in press conferences. No one said the vaccine was 100.0% effective; we always knew some would get sick, but illness and death rates are 1% compared to unvaccinated. https://t.co/k5XEWDS0Kd",0
VaxDistributionIssueDueToLocalPolicy,"I‚Äôm joining my family, friends, co-workers, and our community in getting the COVID-19 vaccine. Thanks to the many healthcare workers out there who are rolling out and implementing an incredible effort. 

#itsuptoyou #covidvacccine #heathycommunities https://t.co/2GGq6jCzO2",0
FDAapproval,There it is! A whole vaccine approved by the FDA to combat Covid! #Pfizer https://t.co/lcEZsAgO4K,1
IGotTheVax,Got my 1st dose of the covid vaccine https://t.co/VIYkZKPnY9,1
IGotTheVax,I got my 2nd dose of the Covid vaccine today! üôåüèº,1
VaxDistributionIssueDueToLocalPolicy,"What Childhood Vaccine Rates Can And Cant Teach Us About Covid Vaccines ‚òù üòê 
 https://t.co/zBibInSFcr",0
VaxApprovalInfo,FDA gives full approval to Pfizer COVID-19 vaccine https://t.co/spROFNX81o via @nonpareilonlinefinal,1
VaxDoesMoreHarmThanGood,Hello. We are tired of masks and the persistent virus but please be patient with the scientists. COVID is new for everyone so no one truly knows what to expect and there is probably bad statistics to work from since many states would not cooperate. Get the vaccine and vote,0
VaxDistributionIssueDueToLocalPolicy,Sign up or pop in to get a COVID-19 vaccine - public health matters. https://t.co/OJ6offgdM7,0
VaxDistributionIssueDueToLocalPolicy,Booster shots üíâ may be coming to more Americans. Today vaccine advisors with the CDC are meeting. More on #7News ‚ñ∂Ô∏è https://t.co/yupry93fvX https://t.co/zoZXdooarg,0
ReasonsForUSLaggingOnVaccines,"#DrPeterMcCullough: COVID Vaccine Has Likely Killed 45,000 and Injured Half a Million https://t.co/hJ9cGcYCnn
Please Share!!",0
ReasonsForUSLaggingOnVaccines,"@tedcruz Why are vaccine mandates even a discussion or require demonstrations?

Why is this not immediately squashing vaccine mandates of ANY kind? By ANYONE?

https://t.co/9UWGbtyb6Z",1
ReasonsForUSLaggingOnVaccines,Merck Stops COVID Vaccine: ‚ÄúStudies Showed People Better Off Catching Virus And Recovering!‚Äù https://t.co/aMRv0wY6Ry,0
VaxAvailabilityInfo,"New COVID vaccine appointments available for 33309 at CVS Pharmacy in TAMARAC, FL, 3915 W COMMERCIAL BLVD, TAMARAC, FL. Make your appointment at https://t.co/F1YpdBPsLE",1
GovGoodPolicies,Thank you @UF for the first dose of the Pfizer vaccine for COVID-19. I feel very fortunate to be employed by this university. It was really cool to be a part of this massive vaccination push in The Swamp. #Pfizer #GetVaccinated if you can! https://t.co/0Mel7uJyqg,0
VaxDistributionIssueDueToLocalPolicy,.@CBPLosAngeles encourages everyone to get the #COVID-19 #Vaccine! https://t.co/vkeu2oUYm0,0
VaxAppointmentInfo,"New COVID vaccine appointments available for 00683 at Walgreen Drug Store, 10 AVE FENWAL, SAN GERMAN, PR. Make your appointment at https://t.co/W3ki0Bekd0",1
VaxDistributionIssueDueToLocalPolicy,"üö®HALLELUJAH &gt;&gt; After system breakdowns, DC has a NEW way of making #COVID vaccine appointments: 

‚ÄúUnder new system, individuals will be able to provide their information to DC Health through a pre-registration website or by calling the District‚Äôs call center‚Äù
#breaking @WUSA9 https://t.co/nDu9PeelZY",0
VaxDoesntWork,@FolkWhoAwoke @FitzProv @GovDanMcKee @RIHEALTH None of the safety concerns and side effects from the vaccine outweigh the risk of COVID. Thousands die from penicillin too,0
VaxLessensSymptoms,@Eusebbio @novapbs @nytimes I don‚Äôt think the vaccine makes you immune from catching Covid but if you do being fully vaccinated you are way less likely to die and it would be like a mild common cold.,1
ReasonsForUSLaggingOnVaccines,"I hate this man with the fire of a thousand suns. Rupert Murdoch got his Covid shot back in DECEMBER, yet here he is spouting bullshit. I hope he gets sued. People believe this nonsense. I had to bully my 65+ diabetic parents into a vaccine. https://t.co/is73bmw2wu",0
VaxLessensSymptoms,@lorettaslaught1 @JonGordon11 Covid has a 99% survival rate unless you're over 70 and you can still transmit covid even after vaxxed so the vaccine does nothing to help anyone but you (if it even offers much protection to you) but you do you.,0
ReasonsForUSLaggingOnVaccines,@BreitbartNews Too@many Covid-19 vaccine boosters,0
#IGotMyVaccine,Just got my first dose of the Pfizer COVID-19 vaccine! üíâ,1
VaxSymptoms,Currently waiting to get my COVID vaccine,0
VaxSymptoms,This covid vaccine is killing me rn,1
ReasonsForUSLaggingOnVaccines,@RigdonJared This is why we keep having different variants of Covid and this is why the vaccine won‚Äôt be affective in the youth of America.,0
ReasonsForUSLaggingOnVaccines,A tiny fraction of vaccinated people get sick and die from Covid. Who's at risk? https://t.co/ASJSNHKEiC via @nbcnews,0
GovGoodPolicies,Boy child and myself got shot #1 today! Bangor was worth the drive!! #vaccine #covid_19 #pfizer @ Cross Insurance Center https://t.co/r9ZKIqlouH,0
PostVaxSymptoms,Dawg that second round of the COVID vaccine kicking my ass üò≠,1
ReasonsForUSLaggingOnVaccines,"@ynhhealth vaccine clinic with Gov. Lamont, Marna Borgstrom, Anne Diamond, Pastor Moales addressing CT media about the importance and safety of the covid vaccine. https://t.co/fGNlkzsSsn",0
GovGoodPolicies,@GavinNewsom Thank you üôèüèª I got my second COVID-19 Pfizer vaccine üíâ dose this past Saturday at the Moscone Center. #Grateful,1
VaxDistributionIssueDueToLocalPolicy,"President Joe Biden's plan includes creating federally funded mass COVID-19 vaccination sites, releasing a majority of the doses and expanding vaccine eligibility.

https://t.co/kefW1CvDvU",0
UnjustifiedFearOfVax,"Done and dusted I encourage everybody to get the COVID-19 vaccine. We can beat this pandemic together ‚ù§
#Covid_19 #COVID19 #COVID #WEMOVE üëäüèæ‚úäüèæ https://t.co/M44Wa4HScb",0
VaxDoesMoreHarmThanGood,Get your vaccine! Do your part to try and stop the spread of COVID-19. https://t.co/ejCYlYatbj,0
GovBadPolicies,"Get vaxxed. Do the right thing: ""Covid will still take lives, but it‚Äôs simply not a major threat to people with immunity, whether natural or from a vaccine. Despite the new alarms from the CDC, Biden it‚Äôs now time to move on ‚Äî and let the good times roll.""
https://t.co/XdCGl2q2fX",0
VaxDistributionIssueDueToLocalPolicy,"Register NOW @curogram @Gccexperience COVID VACCINE @pfizer  üíâ May 8, 15, 22

https://t.co/IjYG6pPY3F",0
PostVaxSymptoms,that covid vaccine has me on my ass ü§íü§í,1
VaxDistributionIssueDueToLocalPolicy,@GovParsonMO  Missouri's COVID vaccine allocation is a f'ing mess.  Tiny rural towns have more vaccines than they need and at Louis county has virtually no vaccine.,1
VaxDoesntWork,"@guns_latin Well actually it is 10x more deadly without a vaccine.
Flu deaths account for 50k deaths a year.
We will have 500k Covid deaths in one year.",0
VaxDoesntWork,"‚Äú. . . . the country is awash in vaccines that could protect them, and . . . data about those vaccines‚Äô safety in children exists, yet bureaucratic caution could force us to spend the next few months taking our chances with Covid instead.‚Äù
https://t.co/32Vo0fRMUY",0
VaxSymptoms,"Got my second covid vaccine today. I‚Äôm happy, more than I‚Äôm not going to give anyone the rona than actually catching it myself. I‚Äôm looking forward to opening up my pod a little bit in a few weeks.",0
FDAapproval,"BREAKING: @US_FDA and @CDCgov recommending pausing the use of the Johnson &amp; Johnson covid vaccine. 

THREAD‚¨áÔ∏è@wpri12 https://t.co/3MRZEE6hvH",1
ReasonsForUSLaggingOnVaccines,"@Caties_Pages https://t.co/XFBrYi5qEa

It's hard to argue the factual numbers as well as the Southern demographics (NC State) which are ignorant to COVID-19 and the vaccine. I am a Southerner which I love except when there are hard headed folks that have a ""Don't Tread On Me"" stance. https://t.co/boBzSTBsTv",1
GovGoodPolicies,@lanechanged Covid-19 Vaccine,0
FDAapproval,"üòèFDA permits use of the Pfizer-BioNTech Covid vaccine in kids ages 12 to 15

https://t.co/3USurJMxqK",1
PostVaxSymptoms,this second dose of the covid vaccine is ‚ú®kicking my ass‚ú®,1
IGotTheVax,got my second dose of the covid vaccine today üôèüèª,1
VaxDoesntWork,"@JordanChariton How many people have scammed the system and paid for vaccine cards? What percentage of these ""vaccinated"" folk have died? Need an investigation into covid deaths of the supposedly vaxxed. These fakers are purposely skewing the data to diminish the effectiveness. No?",0
#IGotMyVaccine,got my first dose of the covid vaccine today üòé,1
VaxSymptoms,This COVID vaccine is fucking me up more than when I actually had COVID back in January üò≠ü§í,1
GovGoodPolicies,"Free COVID-19 vaccine event info #unitedway #community #givingback #give
#liveunited #instagood #instafollow #live #love #life #instalike #education #winstonsalem #invest #instagram #igers https://t.co/AusFzYcGIh https://t.co/VsQidYbOyV",0
VaxDoesMoreHarmThanGood,Can‚Äôt believe people are still out here getting covid when there‚Äôs a free vaccine available,0
GovGoodPolicies,"Today at 4pm, @bbmsatx talk about all things COVID from vaccine hesitancy to vaccine safety in the Black and Brown community.

Excited to co-moderate this discussion with @blurbsmithblots. Special thanks to Dr. Rudy Hilliard and Dr. @tommyeaustinphd #GetVaccinatedSA https://t.co/U3UODp2mqv",0
ReasonsForUSLaggingOnVaccines,"@lavern_spicer Because it's a planned event nothing about the virus all about the vaccine

https://t.co/jZhqNmFZzW",0
GovGoodPolicies,"THANK YOU @sdut @JonathanWosen for increasing awareness of resource for #COVID #SanDiego #VaccineHunters.  READ: 
https://t.co/y2fiOYBNPX
JOIN: https://t.co/DArpN7Osaa
@SANDSWA2 @abbyhamblin @LAWinkley @kristy_tea @mcdiana @CovaxSd @CovidVaccineSD @big4bioSD
(Photo @LJBeachClub)",0
VaxAvailabilityInfo,"New COVID vaccine appointments available for 55746. Go to Thrifty White Pharmacy, 3517 E. Beltline, Hibbing, MN https://t.co/Z3402YB91r",1
PostVaxSymptoms,I have a horrible headache.  I swear if I came this far only to get COVID right after my first vaccine dose I am gonna be pissed.,1
VaxAppointmentInfo,"New COVID vaccine appointments available for 89113 at Walgreen Drug Store, 8595 W WARM SPRINGS RD, LAS VEGAS, NV. Make your appointment at https://t.co/W3ki0Bekd0",1
VaxDistributionIssueDueToLocalPolicy,"Saving the country, one covid vaccine at a time. https://t.co/ZTXNnaAcg4",0
GovBadPolicies,@MarinaMedvin Many of the illegals have Covid but they mostly aren‚Äôt tested since the #DemoCommunists don‚Äôt want the answer nor the illegals immediately given the vaccine when invading.  It‚Äôs complete #Treason by Biden admin to have open borders during a pandemic. Should close the border ! https://t.co/YMVJEFyjXh,1
VaxSymptoms,Got my 2nd Covid vaccine today. It‚Äôs really hitting me hard. I‚Äôm dead. At least I‚Äôm home.,1
PostVaxSymptoms,"I just got my second COVID vaccine tonight, after this crazy year with so much changing, I‚Äôm happy there is finally a light at the end of the tunnel. Now I‚Äôm going to watch a movie and wait for this vaccine to start working. https://t.co/alVehI220y",0
VaxApprovalInfo,"Covid-19 live updates: Moderna says its vaccine triggers immune response in teenagers, will seek FDA approval
By Katerina Ang, Erin Cunningham and Derek Hawkins

https://t.co/sj9ixkfELM",1
#IGotMyVaccine,Getting my first dose of the Covid Vaccine today. https://t.co/RQ2yEEmIXF,1
VaxDistributionIssueDueToLocalPolicy,Second Covid vaccine complete. Thank you so much to @AustinISD for helping secure vaccines for employees under 1-B. I can‚Äôt wait until all teachers are vaccinated üíô https://t.co/lKNgle72AR,0
VaxDoesMoreHarmThanGood,"Don‚Äôt get a free and highly effective vaccine to prevent getting Covid. 

Instead, get Covid to prevent getting  Covid. https://t.co/m98yMeNF08",0
GovGoodPolicies,"Coronavirus update: Latest Covid-19 vaccine and world news

https://t.co/7RuPEoFsL3",0
#IGotMyVaccine,Happy to announce that I got my first covid vaccine dose today!! üòÑüíâ https://t.co/L3OMq0F2oe,1
VaxSymptoms,Just set up my appointment for my covid vaccine. I am nervous and excited all at once ü§ôüèº,0
PostVaxSymptoms,I feel like crap right now but I got my first dose of the covid vaccine today yay https://t.co/kwxa8TIuNM,1
ReasonsForUSLaggingOnVaccines,"I am not sure if those against the COVID vaccine can understand how big it is that we moved from being the worst country dealing with COVID for a whole year to the country that manages to vaccinate best IS
#ThankYouJoeBiden",0
PostVaxSymptoms,My job is basically begging us healthcare workers to get this vaccine üíâ Idk ü§î I already had covid,0
PostVaxSymptoms,"My biggest side effects from the covid vaccine has been my arm hurting and tiredness. I mean, I‚Äôd rather have this to deal with for a couple days than covid",1
VaxAvailabilityInfo,"New COVID vaccine appointments available for 56763. Go to Thrifty White Pharmacy, PO Box 450 310 Lake Street NE, Warroad, MN https://t.co/Z3402YB91r",1
ReasonsForUSLaggingOnVaccines,@daddyhope @Jamwanda2 People who oppose the Covid vaccine in the United States are saying the same lies that @ZANUPF_Official says against it.,0
VaxDoesMoreHarmThanGood,"If you weren‚Äôt scared of COVID and screamed about ‚Äúlibs living in fear of COVID‚Äù for a year while 600,000 people die, you DEFINITELY shouldn‚Äôt fear the vaccine, even the J&amp;J one https://t.co/DbuH8pl0Wv",0
UnjustifiedFearOfVax,I can‚Äôt be more #frustrated and #embarassed that my 76 year old mother who had a life threatening stroke 3 weeks ago can‚Äôt her #covid #vaccine. Shameful @cvspharmacy you are a local company #false advertising #RealityCheck #oldpeople #vulnerable but #forgotten https://t.co/RjakLbYhWf,0
VaxSymptoms,"So I tested positive for Covid even though I was vaccinated  üíâ, it just feels like a cold that won‚Äôt go away. The vaccine is definitely helping me out from developing worse symptoms. Stay safe out there guys",1
GovBadPolicies,@THEEBrandonB @MLBONFOX @WillSammon But but.. biden told me  u can't get it covid  when u get your vaccine. https://t.co/ntyybY1ybd,0
VaxDoesntWork,"@rainmansuite Safe?

Polio vaccine when new was throughly tested and vetted before being made available.

No COVID ""vaccine"" being administered now has been throughly vetted

Clinical trials are suspended and no ""vaccines"" are approved. Why?

Survival rate is over 99%

Deaths overstated. Why?",1
VaxDoesntWork,"@bcrides @GovWhitmer 3.8% of people getting vaccine having severe dangerous reaction according to science magazine.  Yet 99.996% of people survive covid with no issues . 
The math just doesn't make sense . that 3.8% per injection and you have to get it twice.
No opinion on if should just facts",1
PostVaxSymptoms,"But, I didn‚Äôt get COVID before and I had ZERO reaction to the vaccine, not even a sore arm. I am starting to think I am immune.",1
VaxDoesntWork,"@theblaze Funny part is I've been in contact several times with people who have COVID, never got the Vaccine, and have been testing negative since this bullshit started.Big surprise that vaccinated people are testing positive and getting COVID. Why you ask? Because it was rushed to market",1
IGotTheVax,Received my second COVID vaccine shot. üôåüèæ,1
GovGoodPolicies,@Stop_Trump20 Covid vaccine,0
VaxAppointmentInfo,"New COVID vaccine appointments available for 77379 at Walgreen Drug Store, 7304 LOUETTA RD, SPRING, TX. Make your appointment at https://t.co/W3ki0Bekd0",1
PostVaxSymptoms,"Got the first dose of the COVID vaccine, my arm hurts, I‚Äôm sleepy, and I feel a little uncomfy üòï",1
GovBadPolicies,More criticism for the Dept of Health over its rollout of the COVID vaccine. The change doctors say could be hurting the state‚Äôs most vulnerable on #27daybreak,1
FDAapproval,"FDA Approves First COVID-19 Vaccine!

Get Vaccinated!
 https://t.co/OyoUB6c7cj",1
VaxDistributionIssueDueToLocalPolicy,"Finally.... they are certainly frontline workers. Texas teachers, child care workers now eligible for COVID-19 vaccine. https://t.co/NfzBOPbNW1 via @TexasTribune",0
UnjustifiedFearOfVax,"The idea that none of us are safe until all of us are safe is ludicrous! The vaccine isn‚Äôt going to make us safe from Covid. It is here to stay. Just like all viruses!
Celebrities Call On World Leaders To End The Covid-19 Pandemic ‚ÄúNow‚Äù https://t.co/Wu3ogh4ifN via @Deadline",0
VaxDoesMoreHarmThanGood,"@GavinNewsom I can't take it. The level of ignorance here is at an all time high. 
You don't need the damn vaccine if you've already had COVID. What is so hard to understand?
https://t.co/lgpzC4RKKH",0
VaxLessensSymptoms,"You can still get and give COVID-19, even if you‚Äôre vaccinated. You can still die if you get the vaccine, you can still kill with the vaccine. You can do everything that a non-vaccinated person can do so there‚Äôs really no use. Stop trying to force it.",0
VaxSymptoms,Taking my COVID vaccine this week at work they keep sending me emails. ü§¶üèæ‚Äç‚ôÇÔ∏è,0
VaxLessensSymptoms,@netcom_cosmic @KitterleCathy @MaryLTrump As a good person I will continue to wear a mask and socially distance until we have enough people vaccinated. A vaccine doesn't mean you can't catch covid. You are still at risk to catch it but with your vaccine you won't have the virus overwhelm you.....,1
PostVaxSymptoms,"Got my first covid vaccine üíâ feel like a ton of bricks fell on me, but glad I‚Äôm half way done",1
PostVaxSymptoms,Had my second Covid vaccine üíâ over 2 weeks ago and I‚Äôm feeling fine as far as that. A little fatigue and arm soreness the next day. Other than that I‚Äôm alright #Moderna #ImGood,1
VaxDistributionIssueDueToLocalPolicy,"Get Your #COVID Vaccine at #RPI! Sign up in DIAL, 9am-5pm Daily. #LetsStaySafeRPI üò∑ @ Rensselaer Polytechnic Institute https://t.co/OZjXSq0bm1",0
GovGoodPolicies,One more reminder for our students - get your COVID vaccine records submitted tonight to be eligible for tomorrow‚Äôs drawings! 5 @msstatedining $100 flex dollars &amp; 1 $250 @BNatMSState book voucher! Visit https://t.co/rY4ZwORBbF to submit. #VaxUpMS #CowbellWell #HailState https://t.co/86kYwMzJDk,0
UnjustifiedFearOfVax,One of the first friends I ever made in Colorado died today of #covid. She contracted Covid days before her first vaccine shot. All I can think about is how badly she wanted to get the vaccine &amp; millions still refuse it. Covid is still prevalent. Get the vaccine üíî#loveyouBecca,1
VaxApprovalInfo,Real-World Evidence Confirms High Effectiveness of Pfizer-BioNTech COVID-19 Vaccine and Profound Public Health Impact of Vaccination One Year After Pandemic Declared | Pfizer https://t.co/Dy3cXEzzmo,0
GovGoodPolicies,@XHNews  Everyone eligible for the COVID-19 vaccine should get vaccinated! https://t.co/0VtxBEeCnG https://t.co/3QbUy1N7II,0
VaxDoesntWork,"@EconomPic I also find it odd how hard the vaccine is being pushed by politicians and how much vaccines have increased as a % of revenue for the 3 key producers. For instance, the insistence of getting vaxxed even if you already had COVID and have the antibodies.",1
VaxApprovalInfo,FDA advisory group votes against Covid vaccine booster dose https://t.co/3WhpnM3UnZ via @nbcnews,1
GovBadPolicies,"@craigh64 @Dragon2Mama @POTUS Bill Gates is the real reason why people were and are initially scared of the vaccine.  
Bill Gates is not a Doctor!  Why the hell would anyone not be skeptical.  I took the J&amp;J shot in June even though I had covid in February.",0
FDAapproval,"Good morning from Houston where new COVID cases have nearly doubled in the last week. The FDA has given full approval to Pfizer‚Äôs COVID-19 vaccine &amp; health officials are hoping it will motivate more Americans to get vaccinated. 

Our story for @TODAYshow: https://t.co/LXDyHdW8sw",1
VaxDistributionIssueDueToLocalPolicy,There are no Covid vaccine sites in #washingtonheights (one of hardest hit neighborhoods) but there‚Äôs back to back locations in Brighton beach. @NYCHealthCommr @NYCHealthSystem @NYCMayor @nycgov @NYGovCuomo https://t.co/Xe3qOIGMwO,1
VaxLessensSymptoms,I don‚Äôt understand how people don‚Äôt realize the covid vaccine doesn‚Äôt necessarily prevent you from getting covid.. but it does prevent you from DYING from covid ü§¶üèΩ‚Äç‚ôÇÔ∏è,1
VaxLessensSymptoms,"@RadioFreeTom Most of the people on this thread have no idea of how this virus works. The vaccine does not work you can still get COVID, wear a mask made out of cloth does not filter anything, with out the vaccine you still have a 99% survival rate but hey continue to be shepeal",0
GovBadPolicies,@POTUS @JoeBiden Keep your vaccine been exposed yo covid so many times it's not a joke so why would I want a vaccine with covid in it,0
VaxDistributionIssueDueToLocalPolicy,"""President Biden directs states to make all US adults eligible for the COVID-19 vaccine by May 1""  https://t.co/lAINKigwbM",0
VaxDoesMoreHarmThanGood,"@Later64539398 @ASlavitt @PalmerReport You big dummy! COVID-19 is full of danger; up to death. The vaccine is far safer than the disease. Face it, only Lilly-livered cowards won‚Äôt get the shot.",0
VaxLessensSymptoms,"Nope, VACCINE DOES NOT STOP YOU FROM GETTING COVID. https://t.co/eEtm4y2U9g",0
VaxDoesntWork,"@MartinIsAKing @Complex What u think gonna happen we gonna have a 0% death rate? Smh , check the flu deaths annually before covid, the vaccine been in use for years.  They seem to be clearly ok with that percentage",0
GovBadPolicies,"@BillKristol @RadioFreeTom @JVLast I wonder if my cousin, who died of Covid just before the vaccine came out, and was a Trumper would have taken gotten the shot.",0